<?xml version="1.0" encoding="UTF-8"?>
<!DOCTYPE mapper PUBLIC "-//mybatis.org//DTD Mapper 3.0//EN" "http://mybatis.org/dtd/mybatis-3-mapper.dtd">
<mapper namespace="com.wqy.wx.com.wqy.wx.back.plus2.mapper.TCommentMapper">

    <!-- 通用查询映射结果 -->
    <resultMap id="BaseResultMap" type="com.wqy.wx.com.wqy.wx.back.plus2.entity.TComment">
        <result column="id" property="id"/>
        <result column="create_time" property="createTime"/>
        <result column="user_id" property="userId"/>
        <result column="menber_id" property="menberId"/>
        <result column="product_id" property="productId"/>
        <result column="comment" property="comment"/>
        <result column="fraction" property="fraction"/>
    </resultMap>

    <!-- 通用查询结果列 -->
    <sql id="Base_Column_List">
        id
        ,
        create_time,
        user_id,
        menber_id,
        product_id,
        comment,
        fraction
    </sql>

</mapper>
