<?xml version="1.0" encoding="UTF-8"?>
<!DOCTYPE mapper PUBLIC "-//mybatis.org//DTD Mapper 3.0//EN" "http://mybatis.org/dtd/mybatis-3-mapper.dtd">
<mapper namespace="com.wqy.wx.com.wqy.wx.back.plus2.mapper.THotelMapper">

    <!-- 通用查询映射结果 -->
    <resultMap id="BaseResultMap" type="com.wqy.wx.com.wqy.wx.back.plus2.entity.THotel">
        <result column="id" property="id"/>
        <result column="hotel_name" property="hotelName"/>
        <result column="product_id" property="productId"/>
        <result column="hotel_test" property="hotelTest"/>
    </resultMap>

    <!-- 通用查询结果列 -->
    <sql id="Base_Column_List">
        id
        ,
        hotel_name,
        product_id,
        hotel_test
    </sql>

</mapper>
