<?xml version="1.0" encoding="UTF-8"?>
<!DOCTYPE mapper PUBLIC "-//mybatis.org//DTD Mapper 3.0//EN" "http://mybatis.org/dtd/mybatis-3-mapper.dtd">
<mapper namespace="com.wqy.wx.com.wqy.wx.back.plus2.mapper.TMenberMapper">

    <!-- 通用查询映射结果 -->
    <resultMap id="BaseResultMap" type="com.wqy.wx.com.wqy.wx.back.plus2.entity.TMenber">
        <result column="id" property="id"/>
        <result column="create_time" property="createTime"/>
        <result column="user_name" property="userName"/>
        <result column="phone_number" property="phoneNumber"/>
        <result column="open_id" property="openId"/>
        <result column="auth_id" property="authId"/>
        <result column="address" property="address"/>
    </resultMap>

    <!-- 通用查询结果列 -->
    <sql id="Base_Column_List">
        id
        ,
        create_time,
        user_name,
        phone_number,
        open_id,
        auth_id,
        address
    </sql>

</mapper>
