<?xml version="1.0" encoding="UTF-8"?>
<!DOCTYPE mapper PUBLIC "-//mybatis.org//DTD Mapper 3.0//EN" "http://mybatis.org/dtd/mybatis-3-mapper.dtd">
<mapper namespace="com.wqy.wx.com.wqy.wx.back.plus2.mapper.TOrderInfoMapper">

    <!-- 通用查询映射结果 -->
    <resultMap id="BaseResultMap" type="com.wqy.wx.com.wqy.wx.back.plus2.entity.TOrderInfo">
        <result column="id" property="id"/>
        <result column="create_time" property="createTime"/>
        <result column="order_id" property="orderId"/>
        <result column="product_id" property="productId"/>
        <result column="receivable_amount" property="receivableAmount"/>
        <result column="received_amount" property="receivedAmount"/>
        <result column="discount_amount" property="discountAmount"/>
    </resultMap>

    <!-- 通用查询结果列 -->
    <sql id="Base_Column_List">
        id
        ,
        create_time,
        order_id,
        product_id,
        receivable_amount,
        received_amount,
        discount_amount
    </sql>

</mapper>
