<?xml version="1.0" encoding="UTF-8"?>
<!DOCTYPE mapper PUBLIC "-//mybatis.org//DTD Mapper 3.0//EN" "http://mybatis.org/dtd/mybatis-3-mapper.dtd">
<mapper namespace="com.wqy.wx.com.wqy.wx.back.plus2.mapper.TUserMapper">

    <!-- 通用查询映射结果 -->
    <resultMap id="BaseResultMap" type="com.wqy.wx.com.wqy.wx.back.plus2.entity.TUser">
        <result column="id" property="id"/>
        <result column="create_time" property="createTime"/>
        <result column="user_name" property="userName"/>
        <result column="password" property="password"/>
        <result column="role_id" property="roleId"/>
        <result column="is_active" property="active"/>
        <result column="latitude" property="latitude"/>
        <result column="longitude" property="longitude"/>
        <result column="address" property="address"/>
    </resultMap>

    <!-- 通用查询结果列 -->
    <sql id="Base_Column_List">
        id
        ,
        create_time,
        user_name,
        password,
        role_id,
        is_active,
        latitude,
        longitude,
        address
    </sql>

</mapper>
